{"cameraMode":{"drawMode":0,"name":"Shaded","section":"Shading Mode"},"sceneLighting":true,"audioPlay":false,"sceneViewState":{"m_AlwaysRefresh":false,"showFog":true,"showSkybox":true,"showFlares":true,"showImageEffects":true,"showParticleSystems":true,"showVisualEffectGraphs":true,"m_FxEnabled":true},"in2DMode":false,"pivot":{"x":0.11760377883911133,"y":0.8122203350067139,"z":1.1491035223007203},"rotation":{"x":0.2626943588256836,"y":0.6090401411056519,"z":-0.22403621673583985,"w":0.7140878438949585},"size":3.733969211578369,"orthographic":false}