{"cameraMode":{"drawMode":0,"name":"Shaded","section":"Shading Mode"},"sceneLighting":true,"audioPlay":false,"sceneViewState":{"m_AlwaysRefresh":false,"showFog":true,"showSkybox":true,"showFlares":true,"showImageEffects":true,"showParticleSystems":true,"showVisualEffectGraphs":true,"m_FxEnabled":true},"in2DMode":false,"pivot":{"x":0.14618301391601563,"y":0.8312723636627197,"z":1.4628818035125733},"rotation":{"x":-0.011149818077683449,"y":-0.5640964508056641,"z":0.007611009292304516,"w":-0.8256204724311829},"size":2.347130060195923,"orthographic":false}